use fishing_tackle_shop;

INSERT INTO accounts (id,password,username) 
VALUES 
(1,'$2a$12$wMT2EYEwdWJ3mxa4kRRTIeDhcWqhz5zA.sMX5pQYLUkkfjW0v9JAi','admin'),
(2,'$2a$12$lj8e/k.FaPzTaDwKNnByeOGjkxg50wXxinTjsm.dsN06P04x.VY6y','sonht@gmail.com'),
(3,'$2a$12$lj8e/k.FaPzTaDwKNnByeOGjkxg50wXxinTjsm.dsN06P04x.VY6y','tuantd@gmail.com'),
(4,'$2a$12$lj8e/k.FaPzTaDwKNnByeOGjkxg50wXxinTjsm.dsN06P04x.VY6y','xuyentt@gmail.com'),
(5,'$2a$12$lj8e/k.FaPzTaDwKNnByeOGjkxg50wXxinTjsm.dsN06P04x.VY6y','tambt@gmail.com'),
(6,'$2a$12$lj8e/k.FaPzTaDwKNnByeOGjkxg50wXxinTjsm.dsN06P04x.VY6y','thongvv@gmail.com'),
(7,'$2a$12$lj8e/k.FaPzTaDwKNnByeOGjkxg50wXxinTjsm.dsN06P04x.VY6y','quangbt@gmail.com'),
(8,'$2a$12$lj8e/k.FaPzTaDwKNnByeOGjkxg50wXxinTjsm.dsN06P04x.VY6y','tiennh@gmail.com'),
(9,'$2a$12$lj8e/k.FaPzTaDwKNnByeOGjkxg50wXxinTjsm.dsN06P04x.VY6y','hiennt@gmail.com'),
(10,'$2a$12$lj8e/k.FaPzTaDwKNnByeOGjkxg50wXxinTjsm.dsN06P04x.VY6y','hamh@gmail.com'),
(11,'$2a$12$lj8e/k.FaPzTaDwKNnByeOGjkxg50wXxinTjsm.dsN06P04x.VY6y','duyhv@gmail.com'),
(12,'$2a$12$lj8e/k.FaPzTaDwKNnByeOGjkxg50wXxinTjsm.dsN06P04x.VY6y','anhvd@gmail.com'),
(13,'$2a$12$lj8e/k.FaPzTaDwKNnByeOGjkxg50wXxinTjsm.dsN06P04x.VY6y','totv@gmail.com'),
(14,'$2a$12$lj8e/k.FaPzTaDwKNnByeOGjkxg50wXxinTjsm.dsN06P04x.VY6y','thiennc@gmail.com'),
(15,'$2a$12$lj8e/k.FaPzTaDwKNnByeOGjkxg50wXxinTjsm.dsN06P04x.VY6y','dungnm@gmail.com'),
(16,'$2a$12$lj8e/k.FaPzTaDwKNnByeOGjkxg50wXxinTjsm.dsN06P04x.VY6y','khanhld@gmail.com'),
(17,'$2a$12$lj8e/k.FaPzTaDwKNnByeOGjkxg50wXxinTjsm.dsN06P04x.VY6y','dungnn@gmail.com'),
(18,'$2a$12$lj8e/k.FaPzTaDwKNnByeOGjkxg50wXxinTjsm.dsN06P04x.VY6y','hoangtc@gmail.com'),
(19,'$2a$12$lj8e/k.FaPzTaDwKNnByeOGjkxg50wXxinTjsm.dsN06P04x.VY6y','chaulh@gmail.com'),
(20,'$2a$12$lj8e/k.FaPzTaDwKNnByeOGjkxg50wXxinTjsm.dsN06P04x.VY6y','mainh@gmail.com'),
(21,'$2a$12$lj8e/k.FaPzTaDwKNnByeOGjkxg50wXxinTjsm.dsN06P04x.VY6y','anhbt@gmail.com'),
(22,'$2a$12$lj8e/k.FaPzTaDwKNnByeOGjkxg50wXxinTjsm.dsN06P04x.VY6y','linhntt@gmail.com'),
(23,'$2a$12$lj8e/k.FaPzTaDwKNnByeOGjkxg50wXxinTjsm.dsN06P04x.VY6y','tudv@gmail.com'),
(24,'$2a$12$lj8e/k.FaPzTaDwKNnByeOGjkxg50wXxinTjsm.dsN06P04x.VY6y','giangdb@gmail.com'),
(25,'$2a$12$lj8e/k.FaPzTaDwKNnByeOGjkxg50wXxinTjsm.dsN06P04x.VY6y','datnt@gmail.com'),
(26,'$2a$12$lj8e/k.FaPzTaDwKNnByeOGjkxg50wXxinTjsm.dsN06P04x.VY6y','trungndn@gmail.com'),
(27,'$2a$12$lj8e/k.FaPzTaDwKNnByeOGjkxg50wXxinTjsm.dsN06P04x.VY6y','khaintm@gmail.com'),
(28,'$2a$12$lj8e/k.FaPzTaDwKNnByeOGjkxg50wXxinTjsm.dsN06P04x.VY6y','hailt@gmail.com'),
(29,'$2a$12$lj8e/k.FaPzTaDwKNnByeOGjkxg50wXxinTjsm.dsN06P04x.VY6y','trungnk@gmail.com'),
(30,'$2a$12$lj8e/k.FaPzTaDwKNnByeOGjkxg50wXxinTjsm.dsN06P04x.VY6y','khapm@gmail.com'),
(31,'$2a$12$lj8e/k.FaPzTaDwKNnByeOGjkxg50wXxinTjsm.dsN06P04x.VY6y','duongvt@gmail.com'),
(32,'$2a$12$lj8e/k.FaPzTaDwKNnByeOGjkxg50wXxinTjsm.dsN06P04x.VY6y','binhct@gmail.com'),
(33,'$2a$12$lj8e/k.FaPzTaDwKNnByeOGjkxg50wXxinTjsm.dsN06P04x.VY6y','diendh@gmail.com'),
(34,'$2a$12$lj8e/k.FaPzTaDwKNnByeOGjkxg50wXxinTjsm.dsN06P04x.VY6y','dinhlh@gmail.com'),
(35,'$2a$12$lj8e/k.FaPzTaDwKNnByeOGjkxg50wXxinTjsm.dsN06P04x.VY6y','nghianh@gmail.com'),
(36,'$2a$12$lj8e/k.FaPzTaDwKNnByeOGjkxg50wXxinTjsm.dsN06P04x.VY6y','longva@gmail.com'),
(37,'$2a$12$lj8e/k.FaPzTaDwKNnByeOGjkxg50wXxinTjsm.dsN06P04x.VY6y','hailn@gmail.com');

INSERT INTO roles (id,name) VALUES 
(1,'ADMIN'),
(2,'USER');

INSERT INTO role_accounts (account_id,role_id) 
VALUES 
(1,'1'),
(2,'2'),
(3,'2'),
(4,'2'),
(5,'2'),
(6,'2'),
(7,'2'),
(8,'2'),
(9,'2'),
(10,'2'),
(11,'2'),
(12,'2'),
(13,'2'),
(14,'2'),
(15,'2'),
(16,'2'),
(17,'2'),
(18,'2'),
(19,'2'),
(20,'2'),
(21,'2'),
(22,'2'),
(23,'2'),
(24,'2'),
(25,'2'),
(26,'2'),
(27,'2'),
(28,'2'),
(29,'2'),
(30,'2'),
(31,'2'),
(32,'2'),
(33,'2'),
(34,'2'),
(35,'2'),
(36,'2'),
(37,'2');

INSERT INTO customer_types (id,discount,name) 
VALUES 
(1,'0','Member'),
(2,'0.03','Sliver'),
(3,'0.05','Gold'),
(4,'0.1','Platinum');

INSERT INTO customers (id,address,birthday,is_deleted,email,gender,name,phone,customer_code,account_id,customer_type_id)
VALUES 
(1,'23 Ngô Quyền, TP. Đà Nẵng','1998-12-21',0,'sonht@gmail.com',1,'Hoàng Thái Sơn','0911111111','KH-0001','2','3'),
(2,'53 Ngô Quyền, TP. Huế, Thừa Thiên Huế','1992-11-21',0,'tuantd@gmail.com',1,'Trịnh Đình Tuấn','0909393939','KH-0002','3','2'),
(3,'217 Nguyễn Thị Minh Khai, TP. Đà Nẵng','1997-12-23',0,'xuyentt@gmail.com',1,'Trần Tứ Xuyên','0965757575','KH-0003','4','2'),
(4,'53 Nguyễn Văn Cừ, TP. Huế, Thừa Thiên Huế','1993-05-24',0,'tambt@gmail.com',0,'Bùi Thanh Tâm','0959595959','KH-0004','5',1),
(5,'76 Hùng Vương, TP. Đà Nẵng','1998-11-26',0,'thongvv@gmail.com',1,'Vũ Văn Thông','0991919191','KH-0005','6',1),
(6,'90 Nguyễn Tất Thành, TP. Đà Nẵng','1998-12-26',0,'quangbt@gmail.com',1,'Bùi Thanh Quang','0967676767','KH-0006','7','4'),
(7,'56 Nguyễn Văn Cừ, TP. Quảng Trạch, Quảng Bình','1998-05-30',0,'tiennh@gmail.com',0,'Nguyễn Hồng Tiên','0907373737','KH-0007','8',1),
(8,'28 Nguyễn Huệ, TP. Đà Nẵng','1999-11-20',0,'hiennt@gmail.com',0,'Nguyễn Thị Hiền','0972727272','KH-0008','9','2'),
(9,'38 Nguyễn Văn Cừ, TP. Đông Hà, Quảng Trị','2000-01-22',0,'hamh@gmail.com',1,'Nguyễn Mạnh Hà','0946464646','KH-0009','10','4'),
(10,'124 Nguyễn Thị Minh Khai, TP. Điện Bàn, Quảng Nam','1998-04-04',0,'duyhv@gmail.com',1,'Hà Văn Duy','0980808080','KH-0010','11','3'),
(11,'29 Trưng Nữ Vương, TP. Đà Nẵng','2001-07-05',0,'anhvd@gmail.com',1,'Vũ Đức Anh','0992929292','KH-0011','12','4'),
(12,'78 Nguyễn Văn Linh, TP. Tam Kỳ, Quảng Nam','1994-12-11',0,'totv@gmail.com',1,'Trần Văn Tố','0970707070','KH-0012','13','4'),
(13,'245 Điện Biên Phủ, TP. Đà Nẵng','1998-12-22',0,'thiennc@gmail.com',1,'Nguyễn Chí Thiện','0983838383','KH-0013','14','2'),
(14,'365 Hồ Chí Minh, TP. Huế, Thừa Thiên Huế','1995-01-09',0,'dungnm@gmail.com',1,'Nguyễn Mạnh Dũng','0928282828','KH-0014','15','2'),
(15,'20 Phan Đình Phùng, TP. Quảng Ninh, Quảng Bình','2000-12-21',0,'khanhld@gmail.com',1,'Lê Duy Khánh','0917171717','KH-0015','16','2'),
(16,'47 Trần Cao Vân, TP. Hội An, Quảng Nam','1993-09-07',0,'dungnn@gmail.com',0,'Nguyễn Ngọc Dung','0943434343','KH-0016','17','3'),
(17,'89 Ngô Quyền, TP. Quảng Trị, Quảng Trị','1996-05-22',0,'hoangtc@gmail.com',1,'Trần Công Hoàng','0925252525','KH-0017','18',1),
(18,'24 Lý Thường Kiệt, TP. Huế, Thừa Thiên Huế','1991-03-28',0,'chaulh@gmail.com',0,'Lê Hoàng Châu','0964646464','KH-0018','19','4'),
(19,'23 Đống Đa, TP. Đà Nẵng','1990-10-14',0,'mainh@gmail.com',0,'Nguyễn Hoàng Mai','0914141414','KH-0019','20','3'),
(20,'28 Phan Châu Trinh, TP. Tam Kỳ, Quảng Nam','1997-02-21',0,'anhbt@gmail.com',1,'Bùi Tuấn Anh','0954545454','KH-0020','21','2'),
(21,'33 Lý Thái Tổ, TP. Đà Nẵng','1991-08-23',0,'linhntt@gmail.com',0,'Nguyễn Thị Thùy Linh','0971616161','KH-0021','22','4'),
(22,'56 Trần Hưng Đạo, TP. Huế, Thừa Thiên Huế','1999-12-26',0,'tudv@gmail.com',1,'Dương Văn Tư','0945454545','KH-0022','23',1),
(23,'24 Nguyễn Du, TP. Đồng Hới, Quảng Bình','1998-03-13',0,'giangdb@gmail.com',1,'Đỗ Bình Giang','0927272727','KH-0023','24','2'),
(24,'08 Lê Lợi, TP. Đông Hà, Quảng Trị','2000-05-29',0,'datnt@gmail.com',1,'Nguyễn Thành Đạt','0953535353','KH-0024','25','3'),
(25,'98 Hồ Xuân Hương, TP. Đà Nẵng','1996-12-17',0,'trungndn@gmail.com',1,'Nguyễn Đình Nhất Trung','0901313131','KH-0025','26',1),
(26,'24 Trần Cao Vân, TP. Đà Nẵng','1996-09-06',0,'khaintm@gmail.com',1,'Nguyen Thi Minh Khai','0995959595','KH-0026','27',1),
(27,'75 Lý Thường Kiệt, TP. Quảng Trị, Quảng Trị','2001-08-17',0,'hailt@gmail.com',1,'Lê Thanh Hải','0982828282','KH-0027','28','3'),
(28,'09 Quang Trung, TP. Thăng Bình, Quảng Nam','1993-05-09',0,'trungnk@gmail.com',1,'Nguyễn Khắc Trung','0913131313','KH-0028','29',1),
(29,'11 Trần Phú, TP. Huế, Thừa Thiên Huế','2001-11-19',0,'khapm@gmail.com',1,'Phạm Minh Kha','0969696969','KH-0029','30',1),
(30,'43 Trần Quốc Hoàn, TP. Đồng Hới, Quảng Bình','1989-07-07',0,'duongvt@gmail.com',1,'Vũ Thái Dương','0976666666','KH-0030','31',1),
(31,'58 Cách Mạng Tháng Tám, Quận 1, TP. Hồ Chí Minh','2000-01-01',0,'binhct@gmail.com',0,'Chung Thanh Bình','0976245862','KH-0031','32','4'),
(32,'25 Võ Văn Tần, Quận 3, TP. Hồ Chí Minh','1997-12-05',0,'diendh@gmail.com',1,'Đào Huy Điền','0935786942','KH-0032','33','4'),
(33,'76 Nguyễn Chí Thanh, Quận 5, TP. Hồ Chí Minh','1997-09-23',0,'dinhlh@gmail.com',1,'Lê Hữu Đỉnh','0905681545','KH-0033','34',1),
(34,'13 Nguyễn Thị Minh Khai, Quận 3, TP. Hồ Chí Minh','2000-10-03',0,'nghianh@gmail.com',1,'Nguyễn Hữu Nghĩa','0762962558','KH-0034','35','4'),
(35,'90 Điện Biên Phủ, Quận Bình Thạnh, TP. Hồ Chí Minh','1998-06-11',0,'longva@gmail.com',1,'Vũ Anh Long','0781588556','KH-0035','36','3'),
(36,'118 Phạm Ngũ Lão, Quận 10, TP. Hồ Chí Minh','1999-12-04',0,'hailn@gmail.com',1,'Lê Ngọc Hải','0905364888','KH-0036','37','3');

INSERT INTO promotions (id,percent) 
VALUES 
(1,'0'),
(2,'0.05'),
(3,'0.1'),
(4,'0.2'),
(5,'0.3'),
(6,'0.5'),
(7,'0.7');

INSERT INTO product_types (id,name) 
VALUES
(1,'Cần câu tay'),
(2,'Cần câu máy'),
(3,'Máy câu'),
(4,'Dây câu'),
(5,'Lưỡi câu'),
(6,'Phao câu'),
(7,'Phụ kiện');

INSERT INTO size_types (id,name) 
VALUES 
(1,'Cần câu tay'),
(2,'Cần câu máy'),
(3,'Máy câu'),
(4,'Dây câu'),
(5,'Lưỡi câu'),
(6,'Phao câu');

INSERT INTO sizes (id,name,size_type_id)
VALUES 
(1,'2m7','1'),
(2,'3m6','1'),
(3,'3m9','1'),
(4,'4m5','1'),
(5,'5m4','1'),
(6,'6m3','1'),
(7,'7m2','1'),
(8,'8m1','1'),
(9,'9m','1'),
(10,'10m','1'),
(11,'11m','1'),
(12,'1m2','2'),
(13,'1m35','2'),
(14,'1m5','2'),
(15,'1m65','2'),
(16,'1m8','2'),
(17,'2m1','2'),
(18,'2m4','2'),
(19,'2m7','2'),
(20,'2000','3'),
(21,'2500','3'),
(22,'3000','3'),
(23,'4000','3'),
(24,'5000','3'),
(25,'6000','3'),
(26,'7000','3'),
(27,'0.4','4'),
(28,'0.6','4'),
(29,'0.8','4'),
(30,'1.0','4'),
(31,'1.2','4'),
(32,'1.5','4'),
(33,'2.0','4'),
(34,'2.5','4'),
(35,'3.0','4'),
(36,'3.5','4'),
(37,'4.0','4'),
(38,'5.0','4'),
(39,'6.0','4'),
(40,'7.0','4'),
(41,'8.0','4'),
(42,'10.0','4'),
(43,'11.0','4'),
(44,'5','5'),
(45,'6','5'),
(46,'7','5'),
(47,'8','5'),
(48,'9','5'),
(49,'10','5'),
(50,'11','5'),
(51,'12','5'),
(52,'13','5'),
(53,'14','5'),
(54,'15','5'),
(55,'16','5'),
(56,'17','5'),
(57,'1','6'),
(58,'2','6'),
(59,'3','6');


INSERT INTO products (id,is_deleted,`description`,manufacturer,name,product_code,product_type_id,promotion_id)
VALUES 
(1,0,'Điểm Đặc Biệt:  Sử dụng công nghệ tổ ong hoàn toàn mới

Độc quyền Gama Seiko

Vật liệu sản xuất: Carbon Toray Nhật Bản 46T + Carbon 60T ( Hàm lượng carbon cao nhất, tốt nhất )',' Gama Seiko','Cần Tay GAMA-SEIKO Bạch Kim 4,5H','TAG03709','1','1'),
(2,0,'Điểm Đặc Biệt:  Sử dụng công nghệ tổ ong hoàn toàn mới

Độc quyền Gama Seiko

Vật liệu sản xuất: Carbon Toray Nhật Bản 40T

( Hàm lượng carbon cao nhất, tốt nhất )',' Gama Seiko','Cần tay Gama Seiko Long Thần Săn Hàng','TAG03578','1','1'),
(3,0,'Điểm Đặc Biệt:  Sử dụng công nghệ tổ ong hoàn toàn mới

Độc quyền Gama Seiko

Vật liệu sản xuất: Carbon Toray Nhật Bản 46T + Carbon 60T

( Hàm lượng carbon cao nhất, tốt nhất )',' Gama Seiko','Cần tay Gama Seiko Ngũ Long 5H','TAG03570','1','1');


INSERT INTO images (id,path_image,product_id)
VALUES 
(1,'https://bizweb.dktcdn.net/thumb/1024x1024/100/382/482/products/bach-kim-vuong.jpg?v=1627528533460','1'),
(2,'https://bizweb.dktcdn.net/thumb/1024x1024/100/382/482/products/can-bach-kim-5h-02.jpg?v=1627528546350','1'),
(3,'https://bizweb.dktcdn.net/thumb/1024x1024/100/382/482/products/can-bach-kim-5h-03.jpg?v=1627528546350','1'),
(4,'https://bizweb.dktcdn.net/thumb/1024x1024/100/382/482/products/can-bach-kim-5h-04.jpg?v=1627528546350','1'),
(5,'https://bizweb.dktcdn.net/thumb/1024x1024/100/382/482/products/can-bach-kim-5h-10.jpg?v=1627528546350','1'),
(6,'https://bizweb.dktcdn.net/thumb/1024x1024/100/382/482/products/can-bach-kim-5h-11.jpg?v=1627528546350','1'),
(7,'https://bizweb.dktcdn.net/thumb/1024x1024/100/382/482/products/can-bach-kim-5h-12.jpg?v=1627528546350','1'),
(8,'https://bizweb.dktcdn.net/thumb/1024x1024/100/382/482/products/1-3896ff76-9d06-4bb2-b715-ac6db21b9f36.jpg?v=1621911961940','2'),
(9,'https://bizweb.dktcdn.net/thumb/1024x1024/100/382/482/products/2-c84106de-adbb-493f-868f-a848abeb62b5.jpg?v=1621911967427','2'),
(10,'https://bizweb.dktcdn.net/thumb/1024x1024/100/382/482/products/3-d84f3452-133d-42cf-9bf4-e7213da6e98a.jpg?v=1621911968003','2'),
(11,'https://bizweb.dktcdn.net/thumb/1024x1024/100/382/482/products/4-17563530-c3b5-45ca-96d8-52f3a82c2b29.jpg?v=1621911968707','2'),
(12,'https://bizweb.dktcdn.net/thumb/1024x1024/100/382/482/products/5-3119c9ca-19af-4de7-a453-9c461c3feea2.jpg?v=1621911969397','2'),
(13,'https://bizweb.dktcdn.net/thumb/1024x1024/100/382/482/products/6-fda3a2db-65d1-417e-b4c1-7588995e62d5.jpg?v=1621911970007','2'),
(14,'https://bizweb.dktcdn.net/thumb/1024x1024/100/382/482/products/7-88462273-0826-4466-a7fb-7c7175548210.jpg?v=1621911970597','2'),
(15,'https://bizweb.dktcdn.net/thumb/1024x1024/100/382/482/products/1-e66e479b-d221-4952-8dcf-79f2104c3566.jpg?v=1621910719180','3'),
(16,'https://bizweb.dktcdn.net/thumb/1024x1024/100/382/482/products/can-tay-gama-seiko-ngu-long-5h-19i-02.jpg?v=1621910724117','3'),
(17,'https://bizweb.dktcdn.net/thumb/1024x1024/100/382/482/products/can-tay-gama-seiko-ngu-long-5h-19i-03.jpg?v=1621910724850','3'),
(18,'https://bizweb.dktcdn.net/thumb/1024x1024/100/382/482/products/can-tay-gama-seiko-ngu-long-5h-19i-04.jpg?v=1621910725593','3'),
(19,'https://bizweb.dktcdn.net/thumb/1024x1024/100/382/482/products/can-tay-gama-seiko-ngu-long-5h-19i-09.jpg?v=1621910726027','3'),
(20,'https://bizweb.dktcdn.net/thumb/1024x1024/100/382/482/products/can-tay-gama-seiko-ngu-long-5h-19i-10.jpg?v=1621910726670','3'),
(21,'https://bizweb.dktcdn.net/thumb/1024x1024/100/382/482/products/can-tay-gama-seiko-ngu-long-5h-19i-11.jpg?v=1621910727417','3');


INSERT INTO size_details (id,price,quantity,product_id,size_id)
VALUES 
(1,'2100000','84','1','2'),
(2,'2250000','71','1','3'),
(3,'2600000','53','1','4'),
(4,'3200000','20','1','5'),
(5,'3600000','41','1','6'),
(6,'4000000','55','1','7'),
(7,'4300000','102','1','8'),
(8,'3800000','84','2','6'),
(9,'4300000','62','2','7'),
(10,'4800000','67','2','8'),
(11,'2100000','88','3','2'),
(12,'2250000','60','3','3'),
(13,'2600000','79','3','4'),
(14,'3200000','87','3','5'),
(15,'3600000','84','3','6'),
(16,'4150000','109','3','7');

INSERT INTO carts (id,quantity,account_id,size_detail_id)
VALUES 
(1,'1','4','12'),
(2,'1','2','2'),
(3,'2','2','3'),
(4,'1','35','7'),
(5,'1','2','9');


select p.product_code as productCode, p.name, p.description, p.manufacturer, pt.name as productTypeName, pm.percent as promotion
  	,group_concat(distinct i.path_image) as imageSet, group_concat(distinct sd.price) as priceSet, group_concat(distinct s.name) as sizeNameSet
	from products p 
	join product_types pt on p.product_type_id = pt.id 
	join promotions pm on p.promotion_id = pm.id 
	join size_details sd on p.id = sd.product_id
	join sizes s on s.id = sd.size_id
	join images i on i.product_id = p.id
	where p.product_code = 'TAG03570' and p.is_deleted = 0
	and pt.name like '%%'
            and (sd.price between 0.0 and 90000000) 
            and (p.name like "%%" or p.manufacturer like "%%")
            group by p.product_code;

select p.product_code as productCode, p.name, p.description, p.manufacturer, pt.name as productTypeName, pm.percent as promotion, group_concat(distinct sd.id) as sizeDetailIdSet
  	,group_concat(distinct i.path_image) as imageSet, group_concat(distinct sd.price) as priceSet, group_concat(distinct s.name) as sizeNameSet
	from products p 
	join product_types pt on p.product_type_id = pt.id 
	join promotions pm on p.promotion_id = pm.id 
	join size_details sd on p.id = sd.product_id
	join sizes s on s.id = sd.size_id
	join images i on i.product_id = p.id
	where p.product_code = 'TAG03570' and p.is_deleted = 0
    group by p.product_code;

select a.id as accountId, c.id as cartId, sd.id as sizeDetailId, p.product_code as productCode, c.quantity, sd.price, s.name as sizeName, p.name, pm.percent as promotion, group_concat(distinct i.path_image) as imageSet
from carts c 
join accounts a on c.account_id = a.id
join size_details sd on c.size_detail_id = sd.id
join products p on sd.product_id = p.id
join images i on i.product_id = p.id
join promotions pm on p.promotion_id = pm.id
join sizes s on s.id = sd.size_id
where a.username = "sonht@gmail.com"
group by p.product_code, s.name, sd.price, c.quantity, c.id;

insert into carts(quantity, account_id, size_detail_id)
value (2,2,13);

update carts 
set quantity = quantity + 2
where account_id = 2 and size_detail_id = 1;

update carts 
set quantity = 5, size_detail_id = 8
where id = 6;